id;nombre;apellidos;dni
1;overriding Account bandwidth;Artesanal;overriding
2;Pequeño;Account Hungria Director;integrated objetos Fantástico
3;Palladium bleeding-edge;Madrid Bangladesh Borders;cutting-edge Aragón blockchains
4;Gris COM;XSS;Navarra
5;Descentralizado cutting-edge array;Metal;Programa
6;Pre-emptivo;Moda;synergistic compelling enhance
7;Raton;Directo;Avon Morado
8;mano;Dinánmico Informática Normas;Director
9;emulación colaboración Rioja;Camboya Guapo;Arroyo
10;Ensalada;Investigación Castilla-La platforms;streamline
